Monthly_Income,Essential_Expenses,Discretionary_Expenses,Liquid_Savings,Monthly_Debt,Financial_Health_Class
74901.42,27488.3,12012.03,104502.79,5373.03,1
55852.07,19091.75,4620.95,7699.49,4229.27,1
79430.66,44050.03,6213.48,47075.42,17187.66,1
105690.9,61574.49,14876.16,162869.49,31478.97,1
52975.4,16561.94,24098.79,56822.92,2135.32,1
52975.89,35731.44,8629.71,587185.35,24887.24,0
107376.38,34445.11,33465.78,81884.48,40541.76,1
83023.04,42882.94,12260.48,38737.3,24351.65,1
45915.77,26797.55,14381.25,24860.41,19019.2,0
76276.8,49456.94,10135.51,43158.41,3058.19,1
46097.47,26996.28,3074.62,46606.46,10990.53,1
46028.11,28569.24,9287.18,7118.85,14501.0,1
67258.87,29310.07,6818.9,46135.98,27867.13,0
15000.0,9388.95,1917.05,62406.62,5876.02,0
15000.0,4980.69,4560.67,128279.15,2078.02,2
43131.37,28377.28,10504.26,106923.65,20290.73,0
29615.07,15371.31,6345.34,123362.7,1841.26,2
69427.42,43525.38,15323.16,839.89,30379.13,0
32759.28,15754.83,13518.06,24547.53,15903.65,0
17630.89,9828.01,1498.48,108377.58,1561.69,2
103969.46,53082.76,14874.8,66162.79,37536.41,1
53226.71,31544.05,8157.09,532.76,1072.13,1
62025.85,20633.02,16361.74,163216.75,12573.35,2
17257.55,5593.88,4522.18,148196.67,4454.89,2
43668.52,17416.81,19303.61,79500.09,12677.96,1
63327.68,23039.74,24165.63,6877.5,29635.37,0
25470.19,16522.86,4702.13,145463.77,8561.18,2
71270.94,27630.72,13814.79,87638.18,17150.57,1
41980.84,28981.31,8796.17,152307.66,16995.42,0
51249.19,22281.01,22263.27,139330.69,24357.02,0
41948.8,15640.49,17753.87,162456.21,462.82,2
115568.35,71176.16,4487.85,72982.79,56774.18,0
59595.08,33580.82,14190.28,15120.03,2566.53,1
28268.67,14113.93,1922.14,111217.63,11510.82,0
84676.35,44213.37,11342.79,96883.16,11868.86,1
23374.69,13736.85,1365.37,135577.75,1544.83,2
66265.91,25935.28,21079.08,18618.62,14573.72,1
15000.0,10478.0,2625.53,21688.22,4829.67,0
20154.42,13904.88,1125.8,221100.47,3838.93,2
65905.84,36915.85,10688.24,138620.56,1798.09,1
82154.0,31203.48,21366.89,238845.34,24624.06,2
65141.05,37266.63,9988.44,142177.78,29391.75,0
56530.55,18591.73,7007.96,90920.42,10831.69,1
50966.89,15914.97,13784.64,106170.02,5512.9,2
15644.34,6305.81,5844.28,219937.82,3461.92,2
38404.67,18628.16,2960.65,86466.35,928.68,1
46180.84,29893.27,2542.91,100073.63,18945.4,0
91713.67,54190.64,13070.77,17016.78,37893.37,0
70308.55,41980.01,21507.25,64230.43,20670.73,1
15000.0,7052.96,4513.93,126018.03,2648.27,2
69722.52,30564.54,22518.54,31600.29,27881.46,1
48447.53,21724.62,9442.38,22596.53,13436.61,1
39692.34,27588.55,6240.26,37662.52,16391.59,0
78350.29,24762.11,5738.86,27641.33,24737.49,1
90929.99,58814.66,17511.43,24196.03,35662.99,0
87938.4,46736.64,30460.5,55312.59,26318.34,1
34823.47,16556.69,9659.5,238421.3,7210.92,2
50723.63,29932.17,14794.97,70736.71,24295.25,0
69937.9,34596.01,21444.79,20815.69,18922.18,1
89266.35,57966.83,5771.35,8009.54,27007.07,1
45624.77,30125.16,11341.34,119124.13,5029.85,1
54430.23,25510.82,4237.0,48256.02,17027.16,1
26809.95,11011.68,7484.86,172502.24,7662.39,2
24113.8,12947.67,2227.6,107737.18,2228.58,2
84375.77,56105.28,3058.72,159081.96,2513.85,1
100687.2,38690.55,24514.96,31738.01,30425.62,1
57839.7,31764.79,7992.7,117882.15,22085.86,1
90105.99,49794.74,17745.03,30660.94,23580.8,1
70849.08,42030.88,14525.52,279800.47,8033.32,2
40646.41,14333.02,3436.98,101163.02,13545.86,2
70841.87,41536.71,5453.76,39231.96,2837.42,1
106141.1,70436.61,17532.68,31404.23,23448.36,1
58925.22,21912.71,12592.29,21186.56,4813.21,1
106939.31,42242.88,39492.09,118626.7,9862.96,1
15000.0,10328.37,2600.25,24681.61,1517.2,1
84657.08,31525.51,36762.95,90461.73,16368.74,1
62611.41,40181.13,13116.0,30738.83,1601.29,1
51029.78,25357.27,10293.44,108461.75,10149.66,1
62752.82,25031.63,21541.69,168707.37,16055.54,2
15000.0,9724.5,1544.49,150519.16,3624.71,2
53409.84,25536.43,8763.94,143066.99,10222.22,1
70713.38,35775.8,22789.42,20791.31,29669.45,0
104336.82,46293.55,23942.48,9253.75,7581.46,1
44451.89,23878.68,13554.99,120047.5,11239.59,1
35745.19,13061.63,15327.18,45941.54,1108.84,1
44947.29,20515.41,17109.49,56624.36,1599.13,1
87462.06,60153.34,20253.37,3164.45,25095.75,1
69862.53,28172.3,16746.53,30053.29,19771.74,1
44107.19,24818.88,6234.11,3425.65,19363.8,0
75398.02,32426.88,21809.54,211350.12,21031.29,2
62912.33,38338.1,8842.32,27891.62,30191.34,0
89059.35,31380.01,30036.62,81494.69,2168.37,1
38938.41,26786.84,7216.94,3975.94,1908.13,1
50170.14,24157.71,15136.2,109915.46,1105.4,1
48236.76,19025.55,10579.92,39012.44,4468.58,1
16094.55,5301.52,2339.95,228199.05,4355.75,2
68883.61,25342.5,17476.12,219031.22,22234.67,2
67831.66,34452.35,6669.72,39347.32,1546.06,1
60153.4,26154.78,24583.32,231224.05,28451.68,0
52962.39,33448.57,6675.95,556167.72,22301.54,0
17538.88,8284.58,1926.02,174534.74,2601.13,2
47380.64,18927.89,3352.12,186350.05,1828.6,2
49718.56,27188.99,12438.03,28636.13,4223.27,1
35931.68,20937.78,8184.14,85967.98,2280.66,1
55161.43,20234.14,11820.2,6962.44,3400.25,1
72121.53,26472.04,6856.48,9972.97,18699.73,1
116585.58,36685.82,30900.45,680575.12,14331.13,2
65237.33,38787.56,8407.12,39547.41,11682.04,1
67726.51,38300.82,16889.89,137905.63,33507.87,0
57766.62,28297.12,15443.36,164333.11,19765.26,1
15000.0,9565.02,1930.59,195209.21,7117.36,0
59204.58,36841.12,5647.33,604414.72,4220.0,2
61806.91,33013.65,22793.47,27640.78,11809.43,1
133897.26,86672.84,19730.42,4118.75,37138.54,1
54229.17,20733.79,19487.34,52965.43,2081.26,1
69046.42,23804.99,8975.32,13935.48,144.56,1
58958.65,24049.22,15357.1,2268.12,19763.95,1
24939.66,8051.39,2014.36,44695.42,8003.38,1
94284.68,48317.87,20860.6,153126.58,19365.55,1
82557.99,55697.11,20812.14,83512.72,20212.02,1
83730.96,26437.0,21138.3,37509.79,17392.72,1
32718.38,11413.61,2712.04,106230.54,392.7,2
102083.83,49090.03,6447.71,26398.92,17118.01,1
17944.47,12086.5,2176.77,1448.59,1588.82,1
77605.71,33095.92,9436.85,144542.2,3819.14,1
125713.67,63220.64,7270.84,97748.31,60136.42,0
30283.91,9588.77,13024.48,143675.69,9075.48,2
43011.07,15455.48,11599.97,3971.64,15670.14,1
62989.54,43755.81,5817.65,181473.93,9932.31,1
44895.73,30800.6,10290.26,96633.8,8825.31,1
15000.0,4529.64,1898.25,82872.72,1776.93,2
62056.89,42243.66,15239.21,97980.06,3008.69,1
28130.89,15630.87,3997.21,199829.11,2518.16,2
74207.77,48024.85,18901.0,88415.4,29590.87,0
32417.27,15621.75,8768.27,86976.59,10982.09,1
106498.03,53913.39,35688.94,467550.22,29123.42,2
36502.4,18088.35,14525.17,141358.4,8670.96,2
50338.15,28528.93,6583.85,58392.3,23216.82,0
84405.52,30036.59,42016.03,122893.85,3069.62,1
23074.07,7198.87,5915.69,49303.56,3237.3,2
66823.8,28277.96,14256.5,25990.54,11692.09,1
99214.28,57730.04,14032.91,90845.12,38813.91,1
15000.0,5711.12,4449.24,263362.15,7443.86,0
65539.02,37316.14,5867.58,264704.24,7886.65,2
67796.48,46641.6,10315.08,41840.64,29637.48,0
83454.69,28170.99,26491.58,75009.32,34659.68,0
22891.48,13026.19,6248.0,23779.52,2571.37,1
20386.3,9734.46,7281.12,543324.62,4070.46,2
75658.25,48970.32,10896.92,396954.13,15497.57,2
68909.54,25555.79,13510.47,104842.0,33704.37,0
67514.79,38959.43,8039.31,163175.54,6106.44,1
70393.45,44717.16,6065.68,125561.76,28127.74,0
39599.26,26842.19,1790.5,89933.09,6616.89,1
66967.61,38392.48,9707.36,5482.37,24472.32,1
68792.17,34318.35,9968.91,60653.72,14446.74,1
38569.46,21102.85,13562.68,112327.28,11153.51,1
115973.24,75099.86,20044.15,113175.02,48280.34,0
74214.99,39203.61,12012.19,46700.43,29840.57,0
24260.9,7573.16,8449.46,284201.57,10510.1,0
79696.61,53586.36,5155.15,18315.03,2375.65,1
30759.55,17711.68,5360.47,69386.63,10643.58,1
83612.54,47709.76,19328.76,117403.86,5852.35,1
94757.87,36602.13,25718.12,119447.08,19701.04,1
35379.53,19938.28,5886.9,104594.1,9704.4,1
88901.28,40676.41,38372.24,32198.12,17902.03,1
72383.43,40570.42,22785.12,16984.76,18805.64,1
84661.8,29008.28,29851.67,101043.75,42183.86,0
116903.79,65832.98,25462.07,91454.75,7903.71,1
52638.36,36834.51,8446.56,19766.59,17777.45,0
37387.92,11937.39,6131.5,122125.17,7402.83,2
33314.57,23016.02,3878.39,60728.51,2215.58,1
35525.69,16439.98,2435.75,110189.95,2819.62,2
57686.95,37398.53,8782.5,181625.96,27380.33,0
70234.56,43050.57,13051.5,18600.24,30889.21,0
68300.72,35981.27,8384.47,1933.05,30975.81,0
84815.5,50497.42,26590.34,151005.69,42048.67,0
60390.06,39338.46,15506.99,94083.3,6290.09,1
103606.02,47830.36,33772.18,120277.21,18412.83,1
52060.3,22428.27,14026.93,182111.6,17419.87,2
141605.07,80295.37,43467.26,162359.23,34254.45,1
78770.02,49084.62,5683.47,324214.82,16478.28,2
34285.27,20739.64,8850.13,76773.08,6133.83,1
27873.23,17257.02,1989.21,67039.92,8275.29,1
74474.17,35318.13,25684.3,51397.59,21433.42,1
53296.12,33423.79,5823.33,16687.08,4302.54,1
81420.01,28340.97,37896.49,85005.19,19204.53,1
74197.13,38418.95,27221.09,32436.34,20533.01,1
57815.13,17477.71,8235.17,254220.76,16485.61,2
34596.19,14870.63,8361.13,87512.67,3634.45,1
15000.0,6698.77,6530.5,89854.95,5567.04,2
46604.55,21366.75,11063.88,43838.82,587.2,1
85691.96,49545.97,25464.25,5338.95,15203.12,1
66422.81,30250.49,18524.28,3225.85,25911.96,1
22627.84,10849.54,4272.35,55049.4,6379.84,1
65195.43,25753.34,11834.54,8835.63,8513.3,1
71559.52,32151.74,9546.78,93355.63,24865.26,1
33484.28,13089.27,12915.32,212840.5,9499.34,2
64611.75,21275.25,16059.57,214485.35,25723.35,2
61746.26,33428.16,12966.66,107600.6,22692.53,1
25710.89,14585.41,4946.7,23728.28,7843.21,1
70733.62,38747.6,16124.0,198775.12,17265.29,1
76823.54,37289.96,27906.91,217237.68,5115.76,1
92491.54,41798.25,39871.16,21896.93,12085.55,1
91614.06,59121.62,12519.63,133722.27,19197.7,1
18669.92,9477.46,6244.1,33760.02,5594.43,1
31865.25,15667.27,10288.46,162272.74,8184.71,2
75451.06,23409.21,26097.44,589176.4,10871.91,2
75413.58,32917.96,32689.03,3048.6,243.75,1
75451.43,34109.95,9935.69,227658.47,18720.98,2
175581.94,80685.02,16747.88,97453.06,25075.38,1
77126.72,41036.73,25182.63,362619.09,28328.96,2
94066.97,48297.84,18646.57,62550.63,1126.28,1
88620.05,48135.05,28051.18,187985.61,25913.74,1
79541.74,48198.58,22728.9,6442.55,37443.25,0
50541.92,31598.52,2722.55,40838.8,4407.49,1
82769.08,48606.08,24543.56,6936.78,19519.0,1
36815.24,25115.71,4841.54,370269.99,1682.86,2
52895.44,16254.4,16756.05,169812.66,16547.86,2
45439.09,17190.12,15215.32,191424.87,12507.83,2
62456.22,18925.81,32581.12,278006.03,12721.26,2
129439.76,72355.51,6472.28,8894.43,33743.46,1
15000.0,9888.18,2217.46,48710.52,6724.31,0
80587.81,32025.02,28234.67,7368.41,7909.46,1
15000.0,10062.21,2991.78,23672.68,169.23,1
45842.04,14857.73,18118.78,26054.14,19750.24,0
92668.52,62437.68,5867.95,63319.52,26740.29,1
61928.4,27288.69,10723.65,31274.3,27578.53,0
27667.66,9422.73,6405.81,10644.79,8258.04,1
38540.89,19052.64,12922.78,18331.14,15612.16,0
80387.93,32373.07,14170.72,15931.88,17270.28,1
38089.0,15766.91,5524.57,361476.68,14280.71,2
66493.76,28121.27,29555.01,142417.28,30355.78,0
61367.16,38121.91,2468.74,343459.28,17554.78,2
40451.99,20859.66,15643.98,57935.52,3656.56,1
124318.32,52776.0,41049.19,32624.06,16708.23,1
79017.57,42996.11,24492.02,160094.01,7848.21,1
15000.0,8796.9,1899.6,39490.2,1851.43,1
65593.63,26831.05,4264.69,35579.44,10049.45,1
40146.41,18684.93,13231.19,26462.46,11143.31,1
85573.0,29843.96,38113.16,13889.31,25158.1,1
36224.38,13492.12,14056.11,29633.68,7724.84,1
56557.91,32376.41,4836.18,43900.08,17403.46,1
75149.62,27998.89,29582.34,112084.01,3065.16,1
85972.66,43851.67,26883.55,6460.77,3773.69,1
23991.11,14001.65,5603.87,23636.42,2061.19,1
49964.96,17125.53,20895.11,165560.56,12942.86,2
45751.64,24107.68,14980.76,15890.42,4895.3,1
40400.12,16266.1,12779.52,41953.13,5722.36,1
112963.63,77399.37,5762.24,199995.72,22610.39,1
72149.45,35599.86,16130.78,16833.03,29287.85,0
22173.48,13800.71,1292.38,8636.09,153.69,1
87535.86,45526.58,16185.34,66269.17,28421.97,1
123664.69,39246.84,32498.72,36013.74,41358.2,1
90973.96,50332.3,5942.09,82875.7,36328.44,1
15000.0,10208.42,1649.14,162864.57,6995.65,0
45472.98,24584.73,3711.81,14751.27,457.86,1
98007.33,61516.81,24294.1,86916.64,7535.97,1
38769.92,25343.22,10249.69,70422.58,17178.39,0
73314.58,28683.0,6722.48,15557.69,16808.05,1
83239.02,32031.87,39356.83,97816.21,23497.99,1
32192.09,17525.13,6831.92,31971.01,10672.11,1
58214.24,27035.36,9655.97,66910.71,19765.67,1
15000.0,9539.17,839.89,8585.46,6988.05,0
29268.37,19317.4,4482.29,61541.62,14589.54,0
52422.96,23137.84,19215.74,36595.14,18876.39,1
22566.5,8908.09,8126.22,172811.57,3240.79,2
108972.34,66713.98,5711.56,5866.64,47934.34,0
17095.76,7007.93,1523.58,54232.88,420.73,2
46798.67,29438.5,6631.78,61328.56,5407.14,1
63922.22,30011.18,10400.63,129100.63,28681.44,0
103238.2,58538.12,11741.33,85399.12,13224.38,1
16924.14,5723.98,3323.12,110025.06,1867.16,2
94894.91,52148.9,28316.58,150080.45,6553.69,1
60306.99,28990.0,23502.14,198197.35,25905.22,0
30554.74,16335.89,5453.95,37669.62,7639.58,1
73863.1,27122.95,34320.25,77223.95,24924.85,1
65971.79,39236.69,8690.16,183325.72,7885.82,1
41993.49,27090.79,6460.41,455173.66,15916.38,0
62094.06,24011.52,9833.69,220291.45,23595.92,2
48440.59,16386.77,17576.18,46436.72,7571.22,1
63405.52,19621.18,34383.26,21711.99,13019.77,1
79863.92,44467.32,18492.78,67215.42,8373.34,1
107580.5,58398.74,17236.72,135340.69,52529.46,0
22865.54,11859.87,6091.33,67839.47,7381.02,1
123991.0,48701.04,14007.28,66006.23,57937.52,0
15000.0,6845.44,5888.1,182158.23,2275.39,2
55446.45,29818.57,11587.87,44848.29,21676.54,1
77649.52,38724.34,16136.23,196464.73,29734.28,1
68429.76,47566.5,10642.46,52223.18,23664.91,0
41319.01,14650.73,14330.17,39784.39,19949.63,0
53756.33,31074.27,3407.82,60511.78,10578.05,1
45209.97,20874.69,14061.71,143736.43,2954.86,2
42319.06,19944.12,6026.74,13467.72,14213.04,1
85488.06,50184.84,21173.7,21867.76,31173.64,1
70710.46,40798.13,20213.99,302505.45,20331.4,2
39212.71,27311.75,7887.61,19296.8,4054.95,1
86988.0,30563.9,27464.47,83869.87,21940.81,1
69218.99,23648.24,21150.24,86586.97,10804.73,1
84385.86,49765.34,6924.56,67260.85,18036.07,1
78888.87,41917.97,23762.76,103492.01,25450.28,1
35130.15,14391.57,6013.91,26113.98,13089.75,1
43194.57,14330.56,12922.03,80444.14,5015.42,1
82418.81,27549.58,16405.45,46549.1,16703.22,1
78311.11,51503.36,5192.12,108372.54,10539.17,1
59372.95,22368.58,20007.91,15224.66,5896.67,1
63519.82,27272.15,5003.35,84601.27,24880.31,1
98329.95,38413.83,37390.75,20489.89,44703.38,0
42252.86,18675.7,7599.17,32662.12,7821.68,1
76412.92,25045.83,5141.55,24680.86,28703.71,1
53934.22,27378.3,12157.05,20191.76,24189.37,0
53469.56,17486.95,4778.36,174704.02,22620.95,0
92963.31,57650.51,10357.9,33646.28,8497.47,1
84762.49,33352.75,30582.81,261899.29,40528.84,0
84405.29,43553.53,5877.86,350411.17,15896.74,2
99164.36,64658.3,23724.19,84690.57,16820.29,1
60630.12,33974.14,2736.87,15431.87,1892.61,1
80458.59,41289.99,10684.28,46928.11,19558.42,1
50692.0,21784.05,17883.41,159816.3,2763.06,2
69724.99,30204.92,12701.32,45790.23,8664.72,1
56095.71,31850.85,4153.74,9103.83,8889.56,1
62909.88,43889.44,6698.31,81370.01,25441.58,0
77854.71,43967.33,9802.78,186511.02,34080.46,0
35453.38,18546.14,11664.28,158927.45,5361.73,2
122771.62,72712.74,15985.98,19252.12,52711.88,0
29819.48,14494.72,9995.62,111707.55,12781.09,0
23574.34,7639.43,11541.82,24910.81,9013.07,1
94743.33,49732.55,18169.6,24616.6,6949.19,1
83749.88,57205.37,19562.25,207204.32,28907.23,0
78723.59,29137.27,18055.5,28724.08,37197.85,0
78850.37,45417.96,25905.26,30550.31,26909.28,1
59632.6,22682.66,6004.46,65.36,9887.59,1
33082.37,17015.29,9333.58,204538.05,8280.17,2
62274.14,21090.42,18354.34,157308.1,20105.98,2
39685.15,19054.76,7661.18,98705.91,10131.03,1
89253.59,53772.19,19262.79,138735.8,5353.12,1
55588.28,24404.84,18482.42,16493.19,8673.55,1
35235.08,19941.81,1576.04,61308.65,14136.25,0
50358.42,31130.57,4169.89,43266.07,21689.83,0
72387.94,48562.98,14274.3,9846.93,4969.43,1
43088.26,16970.61,14794.86,66578.59,20518.35,0
35333.39,16243.69,14818.06,253501.73,5809.21,2
67310.62,24296.87,27215.93,4088.36,22290.37,1
67349.0,46941.81,15622.54,34455.01,25317.33,0
44791.7,30046.29,8726.02,23261.44,18184.23,0
45868.85,23667.54,6852.14,27200.12,21690.23,0
66961.5,42641.97,4225.65,239070.13,10476.78,1
16557.47,8417.54,5268.79,63124.16,7107.35,0
17776.09,9766.79,4412.36,62792.03,1170.44,2
38446.67,12904.62,3415.74,142951.77,13553.24,2
53596.59,32270.94,7507.38,16781.79,19883.74,1
69327.23,24339.78,34629.53,66799.68,23492.34,1
104260.69,65728.76,17350.19,56209.3,13153.25,1
85729.79,52536.18,13374.05,90859.71,37422.9,0
55201.84,32210.16,9665.47,772352.95,4660.65,2
59429.51,18688.45,10031.18,146728.27,1593.74,2
29924.12,12605.58,6201.68,50727.48,10734.75,1
59444.61,24089.63,12687.81,175766.56,14132.23,2
51340.24,22797.87,3900.27,18718.34,21796.45,0
69681.56,23347.3,29528.7,3093.73,13357.85,1
35183.07,23740.94,4480.2,22871.95,2960.28,1
75580.4,39416.76,24429.48,41613.92,31609.32,0
105982.17,44746.7,42573.57,71453.58,29087.32,1
56737.2,26030.61,7627.39,95484.74,5367.22,1
72051.35,34504.02,21032.04,241469.85,25952.32,2
80704.32,43599.52,15977.23,71305.2,20624.54,1
47963.39,24282.51,16958.11,69570.17,14492.45,1
66722.77,44554.59,5564.62,5154.91,15376.21,1
60377.77,30115.55,17384.72,3553.55,25017.8,0
62930.28,43853.8,10023.29,80108.87,26102.31,0
36809.71,23579.19,4057.94,57657.13,13056.2,1
60735.31,23286.17,7325.82,182747.2,3200.79,2
74939.95,50377.49,13660.36,17516.27,31431.83,0
103534.31,35879.46,41744.28,2528.87,34736.43,1
88778.12,55662.1,10628.23,59609.08,30940.25,1
124595.47,56348.22,37630.36,27112.46,22613.01,1
36979.57,24080.72,4857.6,5088.75,16257.69,0
86169.62,55770.93,18216.26,128952.45,31252.5,0
65500.26,40765.41,5922.78,11832.53,3687.35,1
125694.09,77429.09,34902.86,93730.88,25627.64,1
35751.05,15082.36,6225.14,32996.31,15844.51,0
34808.34,11569.17,8306.85,19055.06,821.42,1
42018.22,19378.47,3184.61,47763.51,20198.51,0
15000.0,5541.15,1684.23,161669.3,5093.72,2
44227.35,25562.54,8606.4,49773.43,13962.04,1
37226.02,16321.37,6006.22,138937.77,5035.92,2
64511.81,44528.9,13685.02,13408.73,8025.0,1
70252.68,39087.81,3437.03,148179.88,33091.06,0
116285.13,73142.44,15762.86,27040.99,17342.32,1
88512.72,31245.86,19249.79,113132.08,34321.04,1
42692.89,27528.62,1721.59,83420.75,8391.75,1
33047.56,22112.22,2045.54,264711.58,2301.0,2
74757.58,36991.9,14711.61,48991.66,400.52,1
20393.0,11063.23,4151.8,6845.57,5549.52,1
114943.76,69647.18,17348.72,1934.13,56079.84,0
95383.2,35285.63,28345.4,175364.65,17604.7,1
45924.73,23009.5,11837.83,74388.41,8201.98,1
15000.0,6891.98,867.13,149274.01,2580.69,2
100616.17,36075.89,27421.01,26712.89,26187.56,1
56563.8,25284.8,24224.01,42324.79,12462.84,1
97134.49,31789.1,30276.0,3056.63,42735.03,0
15000.0,4654.87,5941.0,325689.77,3791.41,2
42018.75,14877.43,8639.21,110222.25,10667.67,2
60157.31,41222.56,12152.21,270612.84,4162.03,2
61409.42,31921.34,18903.19,30856.04,30174.73,0
46498.04,31912.94,6780.71,94536.84,5811.62,1
78685.5,37218.17,32477.61,113475.76,2886.34,1
27971.39,11880.19,3023.3,38206.56,9274.56,1
55728.62,28001.22,3101.68,188459.37,16589.47,2
63608.87,30265.4,21310.17,294051.45,13203.47,2
75433.17,25818.2,32994.39,216156.41,15923.65,2
81348.45,45256.62,6646.13,134349.15,31931.87,1
26260.74,10147.55,4606.89,32498.9,2569.78,1
15000.0,8217.53,761.58,33075.11,6151.9,0
98330.3,55072.88,13207.19,330662.35,31895.75,2
69969.42,25245.66,28676.84,1033.77,14657.54,1
37545.4,12184.98,11731.03,125895.7,8598.43,2
106534.56,65231.6,14194.46,122501.31,13670.9,1
63470.24,30714.53,11799.18,97468.69,23868.44,1
95378.92,30832.71,6515.78,461611.45,24458.72,2
62025.55,43290.52,5805.24,37379.12,9950.59,1
121822.44,39362.32,45560.96,41547.28,36306.14,1
112660.23,65119.2,37174.05,8222.95,56089.83,0
52531.08,36428.81,11157.95,58482.77,11432.4,1
89147.13,35273.03,6277.22,30252.3,41038.5,0
79361.28,28324.02,37205.77,42066.0,13690.49,1
101058.95,35224.5,42676.45,179921.8,2765.61,1
31052.3,13082.64,11613.13,274085.0,3171.09,2
80581.54,27431.43,22354.78,20546.7,16869.55,1
91752.73,52928.9,14698.85,46602.58,10076.05,1
15000.0,4873.75,3159.81,263988.55,1.7,2
24502.24,12343.47,1775.02,6380.12,11209.8,0
15000.0,10480.18,1174.09,9690.8,6329.1,0
51917.79,32479.16,5299.41,17768.15,19269.09,1
81526.27,44520.5,16240.13,90439.39,6840.65,1
105070.71,44392.53,37815.32,16307.47,6323.34,1
62222.84,34195.08,12098.66,344440.91,2103.28,2
108858.47,55606.71,7481.4,59188.12,39408.35,1
18596.96,8748.63,7587.67,69618.77,8636.5,0
15000.0,5284.26,7383.06,28323.68,3229.02,1
58333.57,38187.59,13087.49,63669.17,3474.95,1
71521.96,34324.38,29532.26,108445.39,18323.67,1
59019.16,22300.33,17666.81,139101.4,10293.88,2
15000.0,6706.56,6418.61,140188.76,2811.19,2
57326.4,26694.15,4684.39,86249.2,17809.32,1
20865.91,13166.71,2740.74,234716.18,7498.36,2
80090.18,47529.18,8393.15,170050.03,4429.13,1
70997.95,43147.01,6602.99,141489.19,1263.42,1
31803.61,9681.42,4392.63,5721.13,15811.64,0
44583.99,20796.72,12742.59,690.17,5187.98,1
28223.59,13901.18,9265.53,23882.5,759.65,1
58119.63,17882.07,20312.28,108922.72,5517.74,2
88654.27,35809.7,10720.78,52966.44,1726.89,1
30428.22,18382.17,8044.19,51484.41,5961.05,1
75121.4,26656.37,26421.6,215923.73,30138.77,0
44092.27,22668.9,7963.41,225916.98,7523.12,2
36213.82,13981.46,12714.49,239882.36,8042.79,2
56789.09,17312.06,11129.9,37669.99,19182.98,1
28942.73,11475.23,5967.5,117459.46,7364.39,2
43390.52,29954.62,9972.66,31695.05,18689.29,0
24063.66,14934.27,2769.43,21147.42,10420.0,0
118941.75,81336.02,16132.55,20411.63,589.4,1
61057.91,30232.31,22289.95,41871.39,23752.94,1
39008.23,13414.72,15238.51,56204.46,8986.2,1
66419.4,34483.87,4584.1,177755.58,32839.1,0
56630.16,27281.63,5961.04,12770.96,13682.75,1
53370.91,34036.92,2039.53,132774.57,26335.77,0
78425.0,26604.35,28068.41,75812.29,29588.55,1
82725.23,40973.51,17258.97,33960.06,10282.95,1
44084.97,15871.45,5473.21,67888.85,11867.56,1
42725.45,18366.41,18769.96,35659.22,21194.72,0
51748.45,30787.37,9867.68,90654.33,22187.94,0
15000.0,7356.11,2058.69,56888.55,730.25,2
15000.0,6755.33,3713.59,17961.19,5297.79,1
101006.23,46239.69,31530.97,12395.8,17452.85,1
109349.03,52900.73,8657.33,79119.16,381.75,1
52528.92,32253.1,5926.47,232701.13,10597.21,2
77296.71,50771.1,17636.24,42153.0,9072.87,1
69337.5,47297.46,9295.73,132050.7,28389.18,0
152366.42,93668.99,28327.62,107488.02,25698.93,1
93587.25,39883.4,21641.1,268172.35,38722.83,0
56162.47,32307.68,3118.54,172026.34,16.79,1
31333.79,14884.84,3553.38,83610.63,4822.57,1
15000.0,6028.02,3695.37,107011.38,1808.74,2
66103.91,42065.13,5923.87,228657.85,7719.86,1
37309.48,11766.31,3447.95,51002.39,1272.0,1
17332.39,11451.59,4061.01,39570.5,1621.66,1
40602.81,19675.76,16466.14,1086.99,11278.44,1
27553.56,15288.94,8035.78,175187.21,4014.02,2
110614.25,62357.85,33666.05,161435.35,23084.91,1
86449.19,56887.64,7963.41,11032.23,16289.92,1
59760.82,33147.41,20557.24,86004.6,26172.4,0
104398.32,56956.95,11283.84,62358.7,47255.85,0
62321.05,20357.84,32143.85,12636.75,15360.8,1
34161.47,17332.28,13402.33,394084.58,5639.31,2
105693.72,38056.88,40460.76,24168.42,5644.08,1
76167.3,45317.53,24272.62,6960.11,36309.06,0
28882.62,14582.51,7131.15,90349.14,869.76,2
54289.84,31058.73,6543.72,134272.42,8079.69,1
33731.45,10681.71,9355.82,3298.14,5027.1,1
18516.01,6182.81,6357.67,107504.51,2966.28,2
87785.33,51488.67,5486.5,75991.08,7210.99,1
117282.5,38566.44,42163.49,10899.49,45925.56,1
18042.97,5927.17,9533.01,18937.5,1105.11,1
76889.08,23439.13,12457.87,83927.02,24408.69,1
40480.72,27632.16,8413.45,35148.5,2506.69,1
45386.24,27004.96,13519.96,278572.63,1600.67,2
42228.18,18635.32,17944.52,170782.41,19201.78,0
34080.28,14266.49,15298.13,410847.63,3239.82,2
61455.65,27033.19,16007.19,30066.04,25235.23,0
35071.5,21388.75,10728.85,349738.78,9550.51,2
68113.7,38453.47,18689.42,56428.59,2651.55,1
58492.86,21880.9,7804.57,42697.29,27943.45,0
52831.56,19528.85,14447.71,5166.13,6523.67,1
32773.09,11121.82,13052.08,5420.83,14086.62,0
42696.86,24086.2,5083.28,117769.2,3603.83,1
82661.74,50072.27,17873.06,61235.83,35294.2,0
75027.52,30462.56,25251.41,25685.76,496.26,1
30673.34,9458.98,4537.54,95184.1,7849.01,2
62979.97,20964.06,20821.39,29150.02,24229.73,1
82541.61,56717.98,16530.71,86187.77,38579.77,0
15000.0,6272.67,3920.55,44505.15,6819.02,0
76300.81,46367.18,3246.97,173473.03,31269.02,0
40121.29,22061.31,1920.26,171867.35,17817.69,0
77117.96,34917.15,14766.93,64884.4,7681.71,1
37102.23,14183.25,17151.09,43204.39,5271.93,1
15000.0,5228.32,2541.36,45029.48,2167.26,2
15000.0,8190.08,3704.97,163842.67,2827.9,2
61442.55,37470.95,6123.62,39776.41,12083.31,1
67791.68,37798.04,9753.0,23453.24,18458.16,1
32870.5,16833.67,11123.62,8849.07,2627.66,1
79157.77,25075.64,33001.08,62865.83,27358.77,1
15000.0,10310.93,782.04,65803.51,1256.75,2
58017.61,35941.08,8832.63,183827.71,9001.68,1
23669.51,9873.24,1661.33,25005.07,5956.97,1
40444.92,27987.4,5439.24,47963.59,16105.99,0
61421.96,33214.09,15900.89,165237.54,22709.82,1
34187.6,18220.93,2921.13,173513.5,11034.63,2
48463.33,29040.65,5869.91,48550.08,3774.65,1
90188.78,56341.65,12810.66,61456.53,24668.68,1
42693.24,24018.85,13887.62,36138.01,1866.69,1
85070.76,29880.11,43891.94,269644.1,16051.29,2
26108.79,11365.34,1937.85,12629.34,5398.21,1
75894.13,50942.68,15786.92,271431.11,1510.73,1
103247.06,40250.48,22691.8,115159.05,14144.23,1
15000.0,6733.0,3097.82,75837.32,7167.37,0
36093.14,17065.95,11948.8,3320.43,17209.8,0
77312.16,36782.19,30109.66,64549.33,13619.58,1
53908.64,29389.69,18772.94,52382.32,1161.73,1
71134.38,48174.36,11571.52,17580.54,6369.9,1
41880.44,16596.26,8849.08,106830.5,8213.13,2
62597.69,21821.59,26556.84,354567.67,29664.41,0
55329.68,20969.3,9473.19,82596.75,3906.25,1
95033.46,62225.06,16235.3,125440.08,36279.78,0
67632.63,37760.94,10485.11,7090.59,3675.24,1
70128.08,29058.46,22984.27,54071.28,34406.85,0
47643.69,29843.0,4775.56,12370.38,9090.81,1
45371.81,29244.31,3775.69,94880.32,17586.9,0
47023.25,30029.32,12622.54,278842.8,8054.87,2
71833.56,47953.98,4089.68,108405.2,22543.85,1
47370.47,18990.65,12889.28,7991.27,4547.95,1
68693.25,41354.49,6960.36,43798.76,5015.33,1
122262.02,59201.2,8024.55,79998.3,57344.81,0
86133.74,54849.92,3917.15,51618.62,39520.2,0
50219.29,29699.5,4568.84,179362.53,22284.03,0
96036.42,58637.82,26431.06,168562.27,30032.19,1
47757.74,26862.04,6221.38,94631.45,19300.53,0
15000.0,5564.57,7221.13,46753.94,517.78,2
29757.41,15414.66,7273.72,29482.27,4981.23,1
15000.0,10408.02,1862.65,11190.89,2352.77,1
49454.6,33379.64,8134.93,43834.63,15717.79,1
60552.55,19211.48,19086.71,53302.44,10777.08,1
110293.12,40359.11,44138.39,112646.54,8189.64,1
69807.82,24620.63,13454.36,107341.2,20819.03,1
53426.98,31542.86,7596.75,7268.7,21755.04,0
84882.17,53230.81,22974.65,50295.55,16217.74,1
15000.0,5781.07,7029.62,20062.26,992.02,1
67068.44,33691.23,24191.49,17056.62,6595.78,1
83125.96,52891.48,11900.7,175621.17,9870.51,1
15642.41,9277.84,4113.14,4281.9,2345.56,1
94312.62,48749.71,19748.56,54331.93,30311.84,1
70154.89,37612.78,14587.91,18416.76,21079.63,1
47541.36,23929.67,5744.16,211469.75,16546.29,2
78983.46,33095.6,23576.78,81427.7,14315.83,1
128120.79,67392.66,13985.39,26315.94,52785.61,0
65455.99,37673.46,9226.45,69801.36,6679.38,1
67446.62,43795.06,16521.12,131485.36,15817.61,1
46219.17,25629.3,5043.55,317289.94,18509.36,0
34504.67,20856.3,2044.67,24903.33,3108.16,1
84910.07,30909.7,8008.54,217315.26,4664.24,2
34317.49,16631.04,13416.04,272271.9,15162.91,0
62146.99,18876.07,19681.53,248195.75,10656.02,2
45670.28,18207.44,10616.82,100899.38,15616.27,1
74369.39,43921.43,20327.52,99376.77,942.58,1
70009.86,48777.55,14545.79,51619.1,24155.04,0
91126.2,30952.95,20009.63,139593.22,14402.56,1
44699.51,20588.49,14117.79,75777.96,1245.79,1
51903.75,32181.8,12617.83,113146.01,15825.79,1
30637.09,11691.55,10576.45,55941.71,3688.76,1
46671.2,24363.95,4597.89,131489.12,9026.38,1
71319.01,42308.47,20687.94,173995.4,2873.47,1
82709.66,45192.08,17909.63,15833.51,6085.91,1
32335.04,12132.43,6014.94,178934.07,4817.55,2
86088.18,38064.22,19097.2,77717.36,3863.62,1
100669.14,61762.2,4913.94,186217.71,45846.05,0
72403.05,37771.99,6562.82,56440.52,218.91,1
116303.87,35134.45,51614.23,47648.94,28137.41,1
36786.32,22233.52,1455.4,246581.88,2266.91,2
22660.36,7118.17,6086.26,28924.23,3486.06,1
15000.0,8974.4,2806.46,185926.13,6945.45,0
104881.33,39958.97,8975.13,66168.84,8479.37,1
79630.97,54406.22,19704.43,72174.31,38455.08,0
58332.46,26084.89,8329.15,36884.63,6002.25,1
68399.06,29464.44,12184.16,85107.01,25361.21,1
26235.33,9433.05,5255.08,39335.55,7171.13,1
133372.56,56315.45,20134.38,4006.13,58982.6,0
63876.64,41561.99,2254.49,31745.23,17693.61,1
63281.84,44204.5,11647.51,639.95,16913.95,1
81773.0,36579.01,35106.32,383297.1,7991.59,2
74430.28,35685.17,9957.7,337398.73,6186.25,2
66716.52,39284.58,15475.26,50278.35,30572.48,0
36285.77,23748.25,7764.83,130331.76,5947.93,1
74144.05,39831.5,23809.4,42435.15,13793.84,1
116460.73,53177.17,25050.19,111198.07,44244.81,1
100362.6,46673.5,16753.77,163696.35,17002.6,1
107795.6,62332.51,14898.55,293287.48,51314.07,0
44663.53,13456.55,18687.83,51117.95,16479.23,1
30311.86,16605.92,9206.9,152923.21,9054.59,2
56226.39,24863.15,7123.53,30914.88,24764.78,0
61671.75,38093.34,8480.18,463896.52,1529.64,2
92825.75,31300.49,44996.99,2610.75,11931.02,1
15000.0,8029.21,4633.38,92515.19,3487.77,2
105886.51,52137.37,42429.62,107735.77,12016.98,1
55259.76,30775.83,15375.27,116489.81,20554.01,1
47193.57,15382.34,11936.74,12827.39,21690.35,0
29636.87,15766.62,7121.63,278920.25,6279.61,2
15000.0,7868.91,4012.74,19989.5,2565.99,1
84695.12,44402.6,6242.08,97485.62,40719.33,0
62199.54,33674.52,13724.75,25189.81,13834.81,1
21301.17,12154.18,5456.41,36703.76,5208.65,1
21147.64,13153.74,1735.67,79066.86,3718.28,2
49926.46,20366.41,19108.86,53989.99,22705.27,0
110070.65,69346.68,20713.88,17462.2,31312.65,1
52212.26,26069.7,20039.72,18745.84,19897.43,1
15000.0,4962.35,1301.84,54153.36,6088.55,0
52627.71,17020.87,10173.88,141585.9,8995.37,2
51818.29,22473.35,15291.29,228243.59,11236.65,2
15000.0,9209.38,1781.15,8787.83,6363.54,0
58371.15,34034.61,14604.29,49939.77,10601.82,1
53071.96,32662.93,12884.3,10563.34,21067.85,0
80886.19,41001.83,6850.59,1673.17,38056.64,0
115468.68,54972.28,27810.08,108387.74,35980.64,1
93796.95,33671.32,27430.72,92243.32,34781.19,1
51933.34,22397.66,10588.44,17795.4,20905.7,0
26804.22,12694.69,10625.15,26632.88,11325.32,0
137200.79,46022.66,61933.15,2399.33,27100.82,1
61776.55,23984.42,22223.53,180148.99,1583.44,2
60417.88,32582.76,16701.87,367657.93,12140.26,2
59276.25,35225.81,10178.17,14555.72,19968.87,1
65942.54,46116.19,14764.61,26328.25,14848.62,1
55669.19,37479.02,10663.38,202806.06,20847.09,0
42790.14,23835.22,11567.93,260997.74,7637.66,2
43594.23,20423.86,16293.02,54408.49,13835.59,1
59017.4,32723.43,7673.9,5194.87,5501.01,1
43697.26,26841.51,11208.23,4018.87,16372.69,1
38614.63,13412.19,5964.62,85319.83,10535.92,2
63192.91,29319.1,11576.01,49905.37,6447.71,1
52350.68,33290.89,6383.64,2907.09,7640.87,1
105119.79,47675.31,45092.07,87527.45,39346.79,1
15000.0,7931.23,4945.14,1136.69,3619.51,1
92745.21,49628.68,25474.06,154821.09,10017.94,1
97382.56,36400.67,37134.29,36590.72,47097.67,0
15000.0,6673.41,4108.76,4109.08,5363.44,1
49719.37,21568.49,21478.1,88758.72,23794.07,0
48856.77,15168.99,15071.28,50697.37,10433.49,1
17774.65,5504.39,4495.36,364201.16,4222.37,2
36665.5,23197.48,2883.84,78569.82,16461.99,0
26682.72,10919.33,10251.63,32191.36,7004.87,1
112568.11,57098.09,34064.74,123594.13,39808.53,1
88070.35,36944.65,18867.86,31675.67,11104.48,1
98146.65,66373.8,3737.61,234594.46,21922.35,1
81650.16,32963.7,33462.12,46955.89,5039.85,1
26128.45,12329.04,1490.23,79821.57,2690.97,2
44264.39,28731.67,9204.54,5189.67,20.88,1
74681.24,47555.03,21136.2,55533.71,1466.18,1
23336.17,8738.01,5932.15,178595.76,11403.03,0
81389.95,50547.83,8157.17,163808.85,9862.58,1
52790.24,25512.19,16187.06,25401.34,17508.17,1
48755.38,24045.54,16604.75,25628.56,20455.31,0
81328.8,28740.95,25373.7,169993.89,22392.28,1
73327.9,24362.51,38042.42,266496.8,5614.88,2
49171.02,29068.71,2737.29,10021.92,17901.11,1
94779.89,47255.78,21545.38,59794.36,28445.88,1
27568.1,13087.69,8730.5,41166.57,10079.59,1
78478.07,46443.58,22547.42,204553.07,30204.11,1
77793.04,47158.54,6907.43,8722.04,37940.07,0
50713.61,18437.6,21302.24,23714.86,14543.73,1
69783.99,37968.78,15490.67,139621.68,11920.54,1
22466.59,7956.36,5478.89,5265.62,7284.39,1
87720.81,52680.74,6734.72,67832.83,3001.84,1
54452.94,30645.14,16801.33,58358.82,24432.96,0
44318.31,30253.71,2954.85,40706.82,2645.38,1
91470.28,29964.13,19488.32,50182.02,14993.94,1
38869.69,12547.99,7976.31,75489.62,15853.88,0
17746.16,7326.94,7397.54,17598.25,5300.0,1
15000.0,6070.23,5097.93,84862.25,2952.27,2
78180.3,31177.64,30912.57,163697.53,18506.67,1
21587.12,14301.51,2005.93,142778.71,9223.61,0
112643.83,45037.08,36332.67,16711.76,19149.7,1
15000.0,6131.7,4436.12,16163.63,6522.37,0
110893.69,66953.1,30010.6,31221.3,4886.78,1
66330.52,31831.75,25331.1,44796.78,25762.72,1
57098.61,34869.22,2412.11,52501.85,24196.89,0
43652.43,14237.08,16820.1,113848.85,3968.39,2
71974.08,35629.22,4953.26,5835.02,15486.9,1
58870.96,18452.83,19570.5,3528.81,4871.57,1
93099.06,30262.9,18935.23,49743.33,32892.09,1
63426.83,42025.03,6736.08,119456.29,16977.71,1
64509.05,22945.75,14425.41,21497.12,20492.05,1
49091.63,25182.45,12789.13,102583.91,4822.93,1
58291.63,27072.86,10421.92,30087.29,6171.51,1
69234.05,30389.41,23807.47,217231.25,1436.51,2
15000.0,9899.0,1954.55,226038.75,2415.51,2
19554.44,6037.03,1998.51,35280.7,5472.75,1
82297.92,46540.78,23193.22,26135.67,35303.13,0
65125.96,44634.59,6148.05,52984.53,21717.15,0
54480.5,28551.45,10447.77,27513.65,11860.3,1
60553.02,40856.88,11420.03,111591.26,28857.15,0
70427.45,22600.39,15912.99,174907.18,25327.3,2
43807.21,20480.63,3256.62,111807.69,20373.97,0
36650.86,14809.26,7901.08,173926.44,9668.28,2
65875.36,39019.84,20440.11,50582.51,8527.71,1
30648.82,21224.88,5175.76,16997.84,809.54,1
72247.58,29087.75,24602.64,133922.36,26228.94,1
15000.0,8425.05,3567.55,44702.88,909.77,1
90874.67,34463.22,13498.95,111252.1,13757.29,1
74177.92,39027.39,13808.32,31559.32,19748.79,1
67680.89,32864.01,21783.45,8471.91,19100.11,1
89480.73,61634.52,4760.62,490381.82,26870.31,2
109964.23,59755.76,14786.24,16984.16,9141.07,1
90431.1,39771.83,14864.61,445856.16,17170.04,2
15000.0,5184.57,3949.86,378450.67,4628.96,2
21612.69,7791.35,10867.14,157899.65,10480.2,0
41255.44,16094.85,3704.94,107711.39,15009.37,2
60782.73,24336.6,16877.87,86229.28,28039.19,0
75529.77,48357.67,6128.81,201067.36,28784.85,0
38227.69,20050.01,14169.02,34170.12,11309.99,1
65603.0,33415.31,5771.65,63051.27,6298.65,1
37338.51,12915.67,9342.24,96598.0,12446.53,2
41654.47,26827.8,9140.93,52965.25,12983.27,1
17800.17,10486.54,4338.36,55771.89,5362.03,1
32303.0,10565.26,8606.19,40090.25,7910.78,1
19449.46,11341.64,2777.47,83064.49,5141.04,2
30723.8,15896.97,5609.42,190095.75,5137.67,2
91609.25,30477.5,17422.15,22505.59,23786.92,1
31518.03,15233.3,3969.13,272468.33,3113.29,2
138971.46,68635.02,30816.35,116824.43,55948.13,0
74799.54,27399.8,13649.87,173315.03,6948.02,2
65545.08,44457.87,6351.96,81236.03,2784.56,1
34249.27,21919.19,6901.5,151193.33,7470.55,2
81009.3,45981.6,27250.71,1633.31,26664.51,1
42730.87,20720.98,11501.18,170584.1,9352.01,2
63660.29,29583.33,5243.95,4096.66,8809.12,1
136802.54,76662.69,9195.9,220648.77,38179.62,1
57118.2,29597.1,21081.06,482366.8,9910.07,2
94478.2,30696.84,19651.26,34823.56,44067.83,0
38904.71,19646.92,3166.88,23612.57,17947.62,0
58950.35,36700.21,11555.19,144971.72,14807.5,1
113124.02,54717.63,31338.19,29172.54,18545.78,1
41190.99,13213.35,15498.31,200665.5,15181.61,2
114373.46,70283.78,12661.74,10852.39,2099.49,1
81232.56,30912.69,5564.24,13462.36,19283.35,1
43126.0,17399.11,19951.48,387047.59,7252.14,2
78972.23,28894.56,13802.66,112036.38,36348.39,0
89176.63,38531.98,29030.45,187658.05,535.19,1
78654.3,47404.99,18582.12,39204.96,21740.63,1
15000.0,7616.32,3891.24,112850.59,5554.98,2
38185.88,14585.19,7529.45,90199.79,9260.42,2
52574.44,34232.9,5314.78,92419.72,2245.01,1
57767.0,37654.42,10425.71,114737.97,28088.09,0
78620.16,50964.06,19532.59,85651.16,20363.03,1
65331.03,25839.63,30120.63,56047.53,20062.71,1
19939.67,9580.93,1803.81,32285.71,2358.96,1
71405.94,49555.42,4553.21,146352.68,17262.32,1
78317.57,47680.13,23324.76,25653.54,16804.97,1
76793.71,23872.63,32576.88,117880.65,2875.76,1
92423.42,30137.6,44727.18,26570.25,4905.85,1
85017.66,41282.24,10577.1,98171.01,35599.98,0
73775.4,48963.86,12686.39,137467.52,8846.41,1
57895.03,29843.77,16572.62,24681.39,5643.56,1
15000.0,7486.88,4328.15,6181.51,3786.84,1
72888.55,24941.69,18493.4,14038.19,28016.43,1
66230.63,37268.77,3208.29,93139.67,2051.38,1
68147.37,42853.88,12850.31,189343.62,19653.97,1
21697.54,9810.93,3294.62,4604.06,1293.29,1
27568.3,16823.41,4461.04,132482.78,502.58,2
91594.59,62814.71,22169.33,41751.54,2415.53,1
58813.35,22437.68,13798.19,65110.04,24529.99,0
80445.02,40973.21,27151.12,264309.92,4745.15,2
60849.55,25243.75,8259.78,40342.44,1373.72,1
60892.68,37579.42,13305.4,62611.85,13332.45,1
88148.51,46810.15,32405.34,1377.69,37198.39,0
44518.66,24655.9,3402.99,8512.09,5841.03,1
62883.62,38935.38,2534.3,29920.36,13259.41,1
46131.74,21146.25,10081.85,2824.75,920.85,1
46965.11,31280.46,2585.42,99797.63,10545.51,1
50724.84,26032.57,15404.74,55582.01,14649.66,1
66664.01,24211.16,31422.92,79439.44,19029.48,1
45637.54,26394.91,7770.46,19194.43,7585.57,1
97672.68,60293.79,10507.14,35088.04,15409.49,1
33161.78,14150.29,7682.21,109012.19,1767.91,2
54393.85,34968.27,11779.94,336109.41,9975.79,2
46808.07,31008.35,1680.11,5173.21,2328.58,1
103409.34,42476.6,31235.2,221077.49,39636.59,1
65896.64,45693.3,10693.71,86010.23,31837.12,0
90955.34,32405.99,31990.3,82992.86,44116.72,0
15433.19,5877.06,2574.57,69370.44,6675.4,0
68011.51,25415.22,25550.83,7191.94,20430.39,1
86688.92,57006.28,4867.18,9417.54,30378.65,0
62468.52,35089.63,6556.95,91857.33,8908.19,1
91964.41,33184.6,41982.25,41696.89,29004.22,1
44481.35,21178.88,14380.1,249214.96,10133.95,2
102280.42,55857.3,5088.99,52187.06,24650.47,1
128966.94,42995.73,23544.37,15464.58,48864.06,1
49114.84,32070.35,4262.56,125428.0,6923.19,1
46634.92,28980.87,5111.99,34722.46,7415.88,1
103601.53,52016.54,14097.76,74543.11,47897.15,0
107387.16,73758.94,4834.68,119677.47,3018.88,1
44314.2,20699.36,9947.95,230522.97,10760.25,2
47394.4,32874.84,8899.23,157113.68,21630.82,0
51546.46,29235.5,11706.83,112812.68,15731.03,1
19666.48,10892.65,5009.95,113828.86,5372.95,2
32440.44,11885.59,3223.09,291737.67,4050.91,2
29875.78,19502.04,7946.73,35072.71,5127.81,1
36966.07,17410.87,13433.34,111.27,15748.44,0
58959.45,21513.91,24847.48,31739.18,16485.6,1
67026.44,20445.95,31492.54,24576.16,17250.67,1
106515.01,55803.46,38180.6,108422.01,5303.37,1
30049.38,15354.03,7068.14,100433.43,240.82,2
89529.67,52620.3,8865.54,90007.64,43139.21,0
53580.33,35154.23,9798.05,1637.68,10099.52,1
58516.09,19413.45,24244.3,130481.78,17648.83,2
80244.58,47552.83,20155.85,39086.78,3198.35,1
26318.34,9868.45,7649.43,109379.19,8989.22,2
71472.29,45976.04,3771.43,81323.43,33326.34,0
64993.57,40791.61,8707.36,41966.18,18707.27,1
74773.54,38606.89,26927.4,14453.6,4715.04,1
68675.06,40112.9,14541.4,9917.84,19974.88,1
133659.0,56903.99,36599.27,178092.83,51214.6,1
40867.8,19962.58,6024.83,250589.59,8304.67,2
44070.09,27704.87,5857.34,104921.67,19387.26,0
41305.78,19979.86,15498.45,10918.35,13397.18,1
43335.69,19202.88,13671.82,51421.0,19484.78,0
40878.39,20344.56,13371.03,130541.21,12743.95,2
95670.5,60396.76,14745.9,151331.39,6280.19,1
102615.13,44543.5,31426.8,12581.11,15889.53,1
42877.61,15843.48,7403.8,3.07,4326.24,1
35029.33,20485.35,8636.55,124527.08,15917.79,0
74142.47,46738.76,10942.87,44098.27,28188.97,0
43433.31,14778.4,11742.26,29367.51,14689.11,1
78987.95,31275.25,26457.92,1298.14,11886.36,1
66087.69,23579.35,32110.65,77717.99,6081.55,1
15000.0,6587.65,1218.15,190482.11,5673.38,2
106425.16,51099.02,37473.52,316135.36,25231.17,2
113876.33,68272.34,13894.09,83412.32,12856.04,1
41616.34,23324.25,7513.36,72249.63,12830.77,1
48368.95,26524.15,2519.56,8889.28,975.45,1
68575.96,30238.57,11912.66,79600.59,11183.72,1
70033.7,44581.99,11500.15,47800.21,16407.39,1
79756.33,38962.15,5683.58,93429.0,5900.31,1
120306.14,83208.77,16462.59,49221.05,59229.99,0
54691.58,30280.37,18283.45,27483.05,5717.93,1
36051.08,12636.12,4068.94,9978.2,2349.69,1
18620.42,10622.41,5079.61,37821.74,1894.95,1
38072.1,16372.59,8392.71,10163.95,14639.89,1
59006.19,33900.88,14024.37,19467.39,12553.73,1
113836.74,37322.11,21589.8,436900.45,32182.55,2
44471.66,16452.41,5930.12,58717.33,467.16,1
66713.64,42849.83,5066.86,75901.3,1148.52,1
59507.31,23259.73,5413.37,206845.04,13264.94,2
95651.8,60721.33,8032.35,541910.75,39057.27,0
135807.97,55913.56,45136.63,87398.45,60111.25,0
44073.94,24555.92,13998.0,167383.68,1910.75,2
45316.82,26177.72,12821.05,39592.23,12198.45,1
91324.83,46124.69,26197.73,36491.44,41700.27,0
80456.74,33962.74,8243.49,51534.2,15607.51,1
115401.22,44436.13,21462.06,111628.94,47866.45,0
77517.85,24284.46,16867.79,114630.69,5181.9,1
49221.24,20750.62,7828.56,37868.6,23020.64,0
77719.64,43621.33,15702.41,14295.85,29200.18,1
93261.11,62981.27,14379.52,100074.97,43894.94,0
84614.47,54870.94,10404.89,13733.96,28625.8,1
75218.22,45614.28,10291.88,86391.77,13667.3,1
92000.24,56615.01,24061.56,118228.35,43156.45,0
95078.87,53814.06,26925.49,120601.32,13100.29,1
101464.77,41003.41,19072.96,140028.02,16851.9,1
79461.3,52673.15,19813.91,206246.19,27843.57,0
54986.46,31248.41,18206.38,69306.52,21041.02,1
64401.41,33757.69,10073.2,131025.67,29927.45,0
96195.27,33129.25,21953.12,96540.94,9850.51,1
35491.93,16994.32,8396.88,20658.14,14161.25,1
71060.2,34403.32,27814.67,2602.54,26240.61,1
48199.84,31128.68,12178.97,33483.15,1537.44,1
60862.34,31566.82,5032.9,58525.06,11783.65,1
98353.56,44471.57,20200.98,95999.69,13905.49,1
65732.97,45403.09,9907.97,189684.89,10007.53,1
61393.1,21136.92,18203.55,21846.17,30173.08,0
19204.32,9007.2,2403.5,13415.99,6172.05,1
82387.61,26101.21,39466.43,330989.38,29563.81,2
79364.53,47298.21,18401.53,11433.91,38754.4,0
124897.64,83335.53,28533.88,65102.89,23555.81,1
50766.65,20916.62,20928.9,88083.61,20353.37,0
66574.51,42829.82,14813.1,77952.11,14464.34,1
67481.51,28132.18,16032.78,8995.99,29338.72,0
107323.6,71295.93,19000.37,5871.75,9694.41,1
57141.13,34375.24,4832.19,11147.18,27075.93,0
68370.65,42523.99,14772.7,88089.39,7478.78,1
78236.9,24034.58,12221.39,78601.91,12761.24,1
65598.27,44942.96,12099.15,26623.48,24802.45,0
46606.99,27529.28,4973.92,101548.73,9175.87,1
65822.7,27770.63,6936.36,171517.35,20017.06,2
92208.95,58253.73,7324.11,4246.81,20496.83,1
29204.54,12050.04,1739.37,68941.4,10840.29,1
63989.09,41535.42,13542.21,116896.1,7305.35,1
38996.38,13455.0,15648.71,29076.94,1139.82,1
95851.4,55735.13,18471.67,36783.83,14374.33,1
15000.0,7744.19,1545.15,95098.03,3557.31,2
43232.34,14639.07,4531.69,228214.83,3631.95,2
71316.36,28295.3,4878.17,166033.35,12651.42,1
106965.72,32620.44,16060.34,87498.14,21392.24,1
58027.49,28288.82,21518.87,131015.48,1665.15,1
43344.01,18226.42,6758.54,45385.07,12641.44,1
116434.71,62798.25,18664.95,102433.69,51484.14,0
16559.58,6936.73,1671.89,62769.96,1256.4,2
15000.0,6299.51,2224.3,21064.22,4483.56,1
73200.43,43720.96,13662.48,120978.39,24329.6,1
44938.37,14346.9,16073.58,81297.77,9422.11,1
29363.02,19413.59,2703.72,44413.56,10293.17,0
81250.69,52074.02,4096.77,242293.73,16686.11,1
67314.02,38175.25,10889.83,2115.63,16984.58,1
43077.64,23145.13,5261.03,37946.58,158.38,1
21590.87,14183.49,1879.16,5856.32,7467.42,0
86173.72,32240.35,41631.38,145469.02,28495.18,1
79506.04,26363.22,28240.64,121102.24,1526.55,1
57024.72,22570.62,16876.13,40249.78,10499.68,1
115399.11,71297.18,17245.73,112597.19,56489.7,0
27897.46,8756.12,7661.53,50407.72,5868.74,1
15000.0,7996.84,3351.95,141162.77,3764.59,2
39242.76,27398.31,6958.62,60547.27,17854.08,0
58632.42,37658.34,12406.22,53150.42,21027.4,0
67300.18,34227.41,7282.15,272922.15,19586.71,2
52762.92,17172.03,16018.71,28885.49,21047.25,1
70561.66,44633.74,10069.65,12834.18,30495.56,0
22453.82,12115.89,7333.41,87837.64,5129.44,2
103312.94,35743.51,36622.17,348420.34,24542.42,2
57535.46,19420.69,18018.87,47455.67,11105.81,1
93518.87,62082.57,5682.94,6404.45,45202.64,0
70281.76,39897.56,15919.7,41446.34,24499.04,1
73702.6,46559.02,4941.29,70508.14,3066.88,1
77093.02,50233.16,9026.11,17664.53,33264.08,0
73431.26,38823.76,6921.13,107324.35,17644.06,1
79281.68,40194.11,22844.79,609655.35,2725.46,2
99874.58,47157.87,12882.72,60100.47,27451.39,1
65895.64,28122.85,14138.41,43808.42,13744.65,1
81270.11,38508.9,31086.22,51199.99,35667.4,0
57307.93,34932.15,5437.79,12233.28,5845.25,1
103203.52,55809.3,21586.34,214792.26,42647.03,0
39708.23,26088.68,5359.16,53584.55,11072.42,1
114028.21,54431.6,6715.75,48983.81,3113.56,1
58795.26,31916.17,17603.94,107789.91,28569.95,0
17076.75,9435.3,1133.47,58345.62,4376.9,2
63843.13,34263.26,12777.87,104478.76,9285.24,1
39568.45,22991.39,8163.79,6341.52,9286.85,1
85219.31,33659.36,27837.14,168052.23,36553.02,0
40421.28,20410.54,11647.09,282184.54,6162.29,2
46614.5,15927.7,8509.16,104630.09,4490.76,2
15000.0,6807.07,876.52,309149.3,968.03,2
46430.81,22986.35,14216.97,16420.54,6914.93,1
15000.0,8413.35,3128.39,64896.99,5850.36,2
15000.0,10203.19,3287.17,92081.78,3537.2,2
82812.44,44740.28,25697.63,87164.4,9419.15,1
83574.0,49930.25,23225.24,51326.49,6944.37,1
72763.73,36564.24,15912.07,41261.72,12105.32,1
30990.72,17157.75,4613.85,13561.82,14564.46,0
58568.66,19232.36,25729.51,49715.69,10045.31,1
59891.92,24061.98,14901.89,17752.61,29590.33,0
25249.06,11229.3,3202.25,132563.46,6125.81,2
105101.95,51394.57,37513.62,23424.36,9415.24,1
86320.87,27472.44,42240.93,6035.03,38461.99,0
53371.07,19000.62,14656.14,80377.97,12284.83,1
60806.58,24974.82,5481.89,90443.56,21576.34,1
66251.48,45621.64,7663.54,205504.6,32586.18,0
15000.0,6488.08,5638.94,86033.96,376.32,2
52584.68,25914.59,19502.28,42385.44,2542.33,1
39540.47,14963.66,5958.18,162461.19,14243.6,2
29951.4,16302.91,2004.71,77713.53,4220.53,1
51566.99,21259.69,21643.82,8259.96,4751.93,1
113930.6,43612.29,26199.44,83436.65,2242.26,1
79225.29,40137.83,18731.99,238616.83,865.41,1
42864.63,12953.79,23260.05,50469.88,16599.02,1
77177.48,23389.84,7885.02,35143.98,5187.62,1
